Workbook

Sheet Sheet1
A1: Tỷ giá USD/VNĐ | B1: 27000
A2: Tỷ giá Credit gốc | B2: 25 | C2: Tức là 1 Credit = 25 VNĐ
A3: Tên Gói | B3: Tiền Khách Nạp (VNĐ) | C3: Credit Gốc | D3: Bonus (%) | E3: Tổng Credit Khách Nhận | F3: Giá Trị Thực (VNĐ/1 Credit)
A4: Trải nghiệm | B4: 50000 | C4: =B4/$B$2 -> 2000 | D4: 0 | E4: =C4+D4*C4 -> 2000 | F4: =B4/E4 -> 25
A5: Tiêu chuẩn | B5: 200000 | C5: =B5/$B$2 -> 8000 | D5: 0.05 | E5: =C5+D5*C5 -> 8400 | F5: =B5/E5 -> 23.809524
A6: Pro | B6: 500000 | C6: =B6/$B$2 -> 20000 | D6: 0.1 | E6: =C6+D6*C6 -> 22000 | F6: =B6/E6 -> 22.727273
A7: Doanh nghiệp | B7: 2000000 | C7: =B7/$B$2 -> 80000 | D7: 0.15 | E7: =C7+D7*C7 -> 92000 | F7: =B7/E7 -> 21.73913

Sheet Sheet2
A1: Model ID | B1: NCC | C1: GSỉ IN ($/1M) | D1: GSỉ Cache (($/1M) | E1: GSỉ OUT ($/1M) | F1: Hệ số lãi | G1: GVốn IN (đ/1) | H1: Gvon cache(đ/1) | I1: GVốn OUT (đ/1) | J1: GBán IN (đ/1) | K1: Gban Cache (đ/1) | L1: Gbán OUT (đ/1) | M1: priceInPerToken | N1: priceCachedPerToken | O1: priceOutPerToken | P1: Max Context | Q1: Min Credit | R1: Biên lợi nhuận
A2: gpt-4o-mini | B2: OpenAI | C2: 0.15 | D2: 0.08 | E2: 0.6 | F2: 1.5 | G2: =C2*Sheet1!$B$1/1000000 -> 0.00405 | H2: =D2*Sheet1!$B$1/1000000 -> 0.00216 | I2: =E2*Sheet1!$B$1/1000000 -> 0.0162 | J2: =G2*F2 -> 0.006075 | K2: =H2*F2 -> 0.00324 | L2: =I2*F2 -> 0.0243 | M2: =J2/Sheet1!$B$2 -> 0.000243 | N2: =K2/Sheet1!$B$2 -> 0.0001296 | O2: =L2/Sheet1!$B$2 -> 0.000972 | P2: 128000 | Q2: =ROUND(P2*M2*0.5,0) -> 16 | R2: =(J2-G2)/J2 -> 0.33333333
A3: gpt-5.4-mini | B3: OpenAI | C3: 0.75 | D3: 0.08 | E3: 4.5 | F3: 1.3 | G3: =C3*Sheet1!$B$1/1000000 -> 0.02025 | H3: =D3*Sheet1!$B$1/1000000 -> 0.00216 | I3: =E3*Sheet1!$B$1/1000000 -> 0.1215 | J3: =G3*F3 -> 0.026325 | K3: =H3*F3 -> 0.002808 | L3: =I3*F3 -> 0.15795 | M3: =J3/Sheet1!$B$2 -> 0.001053 | N3: =K3/Sheet1!$B$2 -> 0.00011232 | O3: =L3/Sheet1!$B$2 -> 0.006318 | P3: 400000 | Q3: =ROUND(P3*M3*0.5,0) -> 211 | R3: =(J3-G3)/J3 -> 0.23076923
B4: OpenAI | G4: =C4*Sheet1!$B$1/1000000 -> 0 | H4: =D4*Sheet1!$B$1/1000000 -> 0 | I4: =E4*Sheet1!$B$1/1000000 -> 0 | J4: =G4*F4 -> 0 | K4: =H4*F4 -> 0 | L4: =I4*F4 -> 0 | M4: =J4/Sheet1!$B$2 -> 0 | N4: =K4/Sheet1!$B$2 -> 0 | O4: =L4/Sheet1!$B$2 -> 0 | Q4: =ROUND(P4*M4*0.5,0) -> 0 | R4: =(J4-G4)/J4 -> #DIV/0!
B5: OpenAI | G5: =C5*Sheet1!$B$1/1000000 -> 0 | H5: =D5*Sheet1!$B$1/1000000 -> 0 | I5: =E5*Sheet1!$B$1/1000000 -> 0 | J5: =G5*F5 -> 0 | K5: =H5*F5 -> 0 | L5: =I5*F5 -> 0 | M5: =J5/Sheet1!$B$2 -> 0 | N5: =K5/Sheet1!$B$2 -> 0 | O5: =L5/Sheet1!$B$2 -> 0 | Q5: =ROUND(P5*M5*0.5,0) -> 0 | R5: =(J5-G5)/J5 -> #DIV/0!
B6: OpenAI | G6: =C6*Sheet1!$B$1/1000000 -> 0 | H6: =D6*Sheet1!$B$1/1000000 -> 0 | I6: =E6*Sheet1!$B$1/1000000 -> 0 | J6: =G6*F6 -> 0 | K6: =H6*F6 -> 0 | L6: =I6*F6 -> 0 | M6: =J6/Sheet1!$B$2 -> 0 | N6: =K6/Sheet1!$B$2 -> 0 | O6: =L6/Sheet1!$B$2 -> 0 | Q6: =ROUND(P6*M6*0.5,0) -> 0 | R6: =(J6-G6)/J6 -> #DIV/0!
B7: OpenAI | G7: =C7*Sheet1!$B$1/1000000 -> 0 | H7: =D7*Sheet1!$B$1/1000000 -> 0 | I7: =E7*Sheet1!$B$1/1000000 -> 0 | J7: =G7*F7 -> 0 | K7: =H7*F7 -> 0 | L7: =I7*F7 -> 0 | M7: =J7/Sheet1!$B$2 -> 0 | N7: =K7/Sheet1!$B$2 -> 0 | O7: =L7/Sheet1!$B$2 -> 0 | Q7: =ROUND(P7*M7*0.5,0) -> 0 | R7: =(J7-G7)/J7 -> #DIV/0!
B8: OpenAI | G8: =C8*Sheet1!$B$1/1000000 -> 0 | H8: =D8*Sheet1!$B$1/1000000 -> 0 | I8: =E8*Sheet1!$B$1/1000000 -> 0 | J8: =G8*F8 -> 0 | K8: =H8*F8 -> 0 | L8: =I8*F8 -> 0 | M8: =J8/Sheet1!$B$2 -> 0 | N8: =K8/Sheet1!$B$2 -> 0 | O8: =L8/Sheet1!$B$2 -> 0 | Q8: =ROUND(P8*M8*0.5,0) -> 0 | R8: =(J8-G8)/J8 -> #DIV/0!
B9: OpenAI | G9: =C9*Sheet1!$B$1/1000000 -> 0 | H9: =D9*Sheet1!$B$1/1000000 -> 0 | I9: =E9*Sheet1!$B$1/1000000 -> 0 | J9: =G9*F9 -> 0 | K9: =H9*F9 -> 0 | L9: =I9*F9 -> 0 | M9: =J9/Sheet1!$B$2 -> 0 | N9: =K9/Sheet1!$B$2 -> 0 | O9: =L9/Sheet1!$B$2 -> 0 | Q9: =ROUND(P9*M9*0.5,0) -> 0 | R9: =(J9-G9)/J9 -> #DIV/0!
B10: OpenAI | G10: =C10*Sheet1!$B$1/1000000 -> 0 | H10: =D10*Sheet1!$B$1/1000000 -> 0 | I10: =E10*Sheet1!$B$1/1000000 -> 0 | J10: =G10*F10 -> 0 | K10: =H10*F10 -> 0 | L10: =I10*F10 -> 0 | M10: =J10/Sheet1!$B$2 -> 0 | N10: =K10/Sheet1!$B$2 -> 0 | O10: =L10/Sheet1!$B$2 -> 0 | Q10: =ROUND(P10*M10*0.5,0) -> 0 | R10: =(J10-G10)/J10 -> #DIV/0!
B11: OpenAI | G11: =C11*Sheet1!$B$1/1000000 -> 0 | H11: =D11*Sheet1!$B$1/1000000 -> 0 | I11: =E11*Sheet1!$B$1/1000000 -> 0 | J11: =G11*F11 -> 0 | K11: =H11*F11 -> 0 | L11: =I11*F11 -> 0 | M11: =J11/Sheet1!$B$2 -> 0 | N11: =K11/Sheet1!$B$2 -> 0 | O11: =L11/Sheet1!$B$2 -> 0 | Q11: =ROUND(P11*M11*0.5,0) -> 0 | R11: =(J11-G11)/J11 -> #DIV/0!
B12: OpenAI | G12: =C12*Sheet1!$B$1/1000000 -> 0 | H12: =D12*Sheet1!$B$1/1000000 -> 0 | I12: =E12*Sheet1!$B$1/1000000 -> 0 | J12: =G12*F12 -> 0 | K12: =H12*F12 -> 0 | L12: =I12*F12 -> 0 | M12: =J12/Sheet1!$B$2 -> 0 | N12: =K12/Sheet1!$B$2 -> 0 | O12: =L12/Sheet1!$B$2 -> 0 | Q12: =ROUND(P12*M12*0.5,0) -> 0 | R12: =(J12-G12)/J12 -> #DIV/0!
B13: OpenAI | G13: =C13*Sheet1!$B$1/1000000 -> 0 | H13: =D13*Sheet1!$B$1/1000000 -> 0 | I13: =E13*Sheet1!$B$1/1000000 -> 0 | J13: =G13*F13 -> 0 | K13: =H13*F13 -> 0 | L13: =I13*F13 -> 0 | M13: =J13/Sheet1!$B$2 -> 0 | N13: =K13/Sheet1!$B$2 -> 0 | O13: =L13/Sheet1!$B$2 -> 0 | Q13: =ROUND(P13*M13*0.5,0) -> 0 | R13: =(J13-G13)/J13 -> #DIV/0!
B14: OpenAI | G14: =C14*Sheet1!$B$1/1000000 -> 0 | H14: =D14*Sheet1!$B$1/1000000 -> 0 | I14: =E14*Sheet1!$B$1/1000000 -> 0 | J14: =G14*F14 -> 0 | K14: =H14*F14 -> 0 | L14: =I14*F14 -> 0 | M14: =J14/Sheet1!$B$2 -> 0 | N14: =K14/Sheet1!$B$2 -> 0 | O14: =L14/Sheet1!$B$2 -> 0 | Q14: =ROUND(P14*M14*0.5,0) -> 0 | R14: =(J14-G14)/J14 -> #DIV/0!
B15: OpenAI | G15: =C15*Sheet1!$B$1/1000000 -> 0 | H15: =D15*Sheet1!$B$1/1000000 -> 0 | I15: =E15*Sheet1!$B$1/1000000 -> 0 | J15: =G15*F15 -> 0 | K15: =H15*F15 -> 0 | L15: =I15*F15 -> 0 | M15: =J15/Sheet1!$B$2 -> 0 | N15: =K15/Sheet1!$B$2 -> 0 | O15: =L15/Sheet1!$B$2 -> 0 | Q15: =ROUND(P15*M15*0.5,0) -> 0 | R15: =(J15-G15)/J15 -> #DIV/0!
... B20: OpenAI | G20: =C20*Sheet1!$B$1/1000000 -> 0 | H20: =D20*Sheet1!$B$1/1000000 -> 0 | I20: =E20*Sheet1!$B$1/1000000 -> 0 | J20: =G20*F20 -> 0 | K20: =H20*F20 -> 0 | L20: =I20*F20 -> 0 | M20: =J20/Sheet1!$B$2 -> 0 | N20: =K20/Sheet1!$B$2 -> 0 | O20: =L20/Sheet1!$B$2 -> 0 | Q20: =ROUND(P20*M20*0.5,0) -> 0 | R20: =(J20-G20)/J20 -> #DIV/0!
